Calendar|Summary|Start Date|End Date
个人|问下儿子关于科学实验材料是否需要购买|2021年11月30日 星期二 21:00:00|2021年11月30日 星期二 22:00:00
个人|ap付款|2023年11月4日 星期六 20:00:00|2023年11月4日 星期六 21:00:00
个人|数学|2023年11月17日 星期五 14:30:00|2023年11月17日 星期五 14:45:00
个人|买巧克力|2020年12月24日 星期四 11:15:00|2020年12月24日 星期四 12:15:00
个人|10点出发医院|2021年2月23日 星期二 10:00:00|2021年2月23日 星期二 11:00:00
个人|晚上和儿子谈海云天19分|2022年2月28日 星期一 21:30:00|2022年2月28日 星期一 22:30:00
个人|工行邱行长下午2点拜访|2022年3月14日 星期一 14:00:00|2022年3月14日 星期一 15:00:00
个人|化学：|2020年9月7日 星期一 09:00:00|2020年9月7日 星期一 10:00:00
个人|联系杨旭，确认评估备案系统需要的经济事项审批是什么？|2020年12月15日 星期二 14:00:00|2020年12月15日 星期二 15:00:00
个人|考虑改成价值分析报告，按25万，第二次按40万；理由为在预计出售恒阳之前考虑先对恒阳项目的市场价值进行研判，为后期处置谈判方案进行准备。|2020年11月9日 星期一 08:49:14|2020年11月9日 星期一 08:49:14
个人|个人总结|2020年12月11日 星期五 13:30:00|2020年12月11日 星期五 14:30:00
个人|科学黄老师的课程|2020年10月2日 星期五 20:00:00|2020年10月2日 星期五 21:30:00
个人|下午2点8楼开会|2020年12月2日 星期三 14:15:00|2020年12月2日 星期三 15:15:00
个人|小卖部拿包子|2020年12月28日 星期一 11:15:00|2020年12月28日 星期一 12:15:00
个人|询问佟总嘉源法律意见书|2020年11月10日 星期二 09:00:00|2020年11月10日 星期二 10:00:00
个人|2%对应的无偿收益入账，2800万如何确认？无对价|2020年10月23日 星期五 14:30:37|2020年10月23日 星期五 14:30:37
个人|高顿电商行业课下午13:30|2020年12月22日 星期二 13:00:00|2020年12月22日 星期二 14:00:00
个人|22年上半年投资预算滚动和文字报告（6日报上海）|2022年7月5日 星期二 09:00:00|2022年7月5日 星期二 10:00:00
个人|报销|2020年12月18日 星期五 14:00:00|2020年12月18日 星期五 15:00:00
个人|测算表发给李喆|2020年11月11日 星期三 09:00:00|2020年11月11日 星期三 10:00:00
个人|约张国强晚上吃饭|2021年12月7日 星期二 09:00:00|2021年12月7日 星期二 10:00:00
个人|明天上午去宁波签注港澳通行证；SAT的做题完成率过低|2023年11月21日 星期二 18:30:00|2023年11月21日 星期二 19:30:00
个人|到老妈家，讨论下21日的行程|2021年10月16日 星期六 09:00:00|2021年10月16日 星期六 10:00:00
个人|明天早上从镇海出发，下班前整理资料|2023年11月22日 星期三 16:00:00|2023年11月22日 星期三 17:00:00
个人|老婆在外面吃中饭|2023年11月12日 星期日 10:00:00|2023年11月12日 星期日 11:00:00
个人|部门例会|2021年10月15日 星期五 09:00:00|2021年10月15日 星期五 10:00:00
个人|12月14日（本周二）下午13：30在公司805会议室召开党委中心组（扩大）学习会议|2020年12月15日 星期二 13:30:00|2020年12月15日 星期二 14:30:00
个人|背单词|2023年11月17日 星期五 15:00:00|2023年11月17日 星期五 15:30:00
个人|儿子户外|2020年10月8日 星期四 09:00:00|2020年10月8日 星期四 10:00:00
个人|建行徐琪行长见李喆总|2022年2月10日 星期四 09:00:00|2022年2月10日 星期四 10:00:00
个人|交通罚单处理，3月8日清分|2022年2月28日 星期一 21:00:00|2022年2月28日 星期一 22:00:00
个人|健身|2020年9月30日 星期三 10:00:00|2020年9月30日 星期三 11:00:00
个人|电话胡君波|2021年2月25日 星期四 19:00:00|2021年2月25日 星期四 20:00:00
个人|问下农商银行周末能否贷款？|2020年12月18日 星期五 09:00:00|2020年12月18日 星期五 10:00:00
个人|物理题和数学分式练习给任思齐|2020年3月25日 星期三 18:00:00|2020年3月25日 星期三 18:30:00
个人|上海|2020年9月24日 星期四 09:00:00|2020年9月24日 星期四 10:00:00
个人|9:00党委会议805，提前10分钟到达会场|2020年12月9日 星期三 08:45:00|2020年12月9日 星期三 09:45:00
个人|正装|2021年4月7日 星期三 21:00:00|2021年4月7日 星期三 22:00:00
个人|新状元的第四章实践题完成|2020年3月25日 星期三 20:30:00|2020年3月25日 星期三 21:00:00
个人|李哲|2020年10月10日 星期六 10:30:38|2020年10月10日 星期六 10:30:38
个人|3点询问下资金|2020年12月28日 星期一 15:00:00|2020年12月28日 星期一 16:00:00
个人|联系黄嘉伟|2021年3月19日 星期五 09:30:00|2021年3月19日 星期五 10:30:00
个人|和金羽翼喝茶或者打球|2021年10月1日 星期五 09:00:00|2021年10月1日 星期五 10:00:00
个人|3月8日上午10点组织学习资金3.0|2022年3月8日 星期二 10:00:00|2022年3月8日 星期二 11:00:00
个人|会议10点|2021年2月20日 星期六 09:45:00|2021年2月20日 星期六 10:45:00
个人|北仑中行见陈兴业行长|2022年3月16日 星期三 09:00:00|2022年3月16日 星期三 10:00:00
个人|会议|2022年4月12日 星期二 17:30:00|2022年4月12日 星期二 18:30:00
个人|9:00 民主评议|2021年3月31日 星期三 08:45:00|2021年3月31日 星期三 09:45:00
个人|1月1日奶奶家吃饭吗？|2020年12月29日 星期二 19:00:00|2020年12月29日 星期二 20:00:00
个人|25年1月前过渡期，不进行章程变更，不强制。|2020年10月23日 星期五 14:30:10|2020年10月23日 星期五 14:30:10
个人|询问老妈回家车票|2020年11月26日 星期四 10:00:00|2020年11月26日 星期四 11:00:00
个人|和儿子谈谈手机安排；和儿子谈今天开始中考报名|2022年2月21日 星期一 21:00:00|2022年2月21日 星期一 22:00:00
个人|告诉老妈回家车票|2020年11月26日 星期四 17:00:00|2020年11月26日 星期四 18:00:00
个人|背单词|2023年11月17日 星期五 09:30:00|2023年11月17日 星期五 09:45:00
个人|上海|2020年9月25日 星期五 09:00:00|2020年9月25日 星期五 10:00:00
个人|10点工会会议，地点东楼17层|2020年12月29日 星期二 09:45:00|2020年12月29日 星期二 10:45:00
个人|体检去上海。和明月聊天去|2020年12月3日 星期四 09:00:00|2020年12月3日 星期四 10:00:00
个人|科学题|2022年2月7日 星期一 11:30:00|2022年2月7日 星期一 12:30:00
个人|明天爸爸早上李惠利|2021年10月1日 星期五 09:00:00|2021年10月1日 星期五 10:00:00
个人|马总说下周一下午1:30在805召开66、陆友董事会会前会，请外派人员汇报董事会材料，请公司领导、项目董监事、财务、分控、综合派员参加，其中综合的人力资源需要参加。|2022年3月7日 星期一 13:30:00|2022年3月7日 星期一 14:30:00
个人|沙棘粉|2023年10月31日 星期二 18:40:00|2023年10月31日 星期二 19:40:00
个人|第二版预算沟通|2021年10月20日 星期三 09:00:00|2021年10月20日 星期三 10:00:00
个人|约万华氯碱吃饭|2021年11月30日 星期二 11:00:00|2021年11月30日 星期二 12:00:00
个人|复习儿子错题|2020年11月28日 星期六 13:30:00|2020年11月28日 星期六 14:30:00
个人|花呗还款4680|2020年11月19日 星期四 09:00:00|2020年11月19日 星期四 10:00:00
个人|下午5点 notion 维护，注意数据|2021年4月16日 星期五 17:00:00|2021年4月16日 星期五 18:00:00
个人|跑步锻炼|2023年10月30日 星期一 16:00:00|2023年10月30日 星期一 17:00:00
个人|买思然|2021年2月21日 星期日 08:30:00|2021年2月21日 星期日 09:30:00
个人|今天去买个小礼物|2022年2月10日 星期四 17:00:00|2022年2月10日 星期四 18:00:00
个人|约万华氯碱吃饭|2020年11月12日 星期四 09:00:00|2020年11月12日 星期四 10:00:00
个人|回家做饭|2022年2月8日 星期二 16:00:00|2022年2月8日 星期二 17:00:00
个人|新状元|2020年10月11日 星期日 08:00:00|2020年10月11日 星期日 11:30:00
个人|晚上和儿子沟通下，周日科学培训的测试成绩|2021年3月15日 星期一 21:00:00|2021年3月15日 星期一 22:00:00
个人|儿子数学作业|2020年3月26日 星期四 11:00:00|2020年3月26日 星期四 11:30:00
个人|党委谈话|2023年11月2日 星期四 08:30:00|2023年11月2日 星期四 09:30:00
个人|CMA第4章|2020年3月26日 星期四 08:30:00|2020年3月26日 星期四 09:30:00
个人|黄老师科学|2020年10月1日 星期四 20:00:00|2020年10月1日 星期四 21:30:00
个人|8楼开会|2020年11月13日 星期五 13:50:00|2020年11月13日 星期五 14:50:00
个人|与儿子确认作业时间，要求认真复核|2020年3月25日 星期三 16:00:00|2020年3月25日 星期三 16:30:00
个人|提款还房贷|2019年12月29日 星期日 09:00:00|2019年12月29日 星期日 10:00:00
个人|学习CMA第4章|2020年3月21日 星期六 19:50:00|2020年3月21日 星期六 20:20:00
个人|数学课|2022年2月7日 星期一 09:30:00|2022年2月7日 星期一 10:30:00
个人|儿子数学错题准备|2020年11月28日 星期六 08:00:00|2020年11月28日 星期六 10:00:00
个人|联系万华氯碱张总，叫上王总。周三或者周五|2022年2月28日 星期一 15:30:00|2022年2月28日 星期一 16:30:00
个人|是否有所得税的问题？|2020年10月23日 星期五 14:30:42|2020年10月23日 星期五 14:30:42
个人|带物品|2023年11月12日 星期日 18:30:00|2023年11月12日 星期日 19:30:00
个人|儿子新状元第4课的视频看下，对60度90度旋转巩固；顺便做下欧姆定理的题目|2020年3月26日 星期四 20:30:00|2020年3月26日 星期四 21:00:00
个人|迎春健步|2020年12月31日 星期四 13:30:00|2020年12月31日 星期四 14:30:00
个人|宏川会议|2022年7月4日 星期一 09:00:00|2022年7月4日 星期一 10:00:00
个人|开始书写自述申请文档|2022年7月6日 星期三 15:30:00|2022年7月6日 星期三 16:30:00
个人|小付沟通中圣估值表|2022年7月4日 星期一 13:30:00|2022年7月4日 星期一 14:30:00
个人|充值|2023年11月13日 星期一 18:55:00|2023年11月13日 星期一 19:55:00
个人|中国银行经营贷|2023年11月13日 星期一 08:30:00|2023年11月13日 星期一 09:00:00
个人|镇中剑桥班家长会|2022年8月20日 星期六 08:00:00|2022年8月20日 星期六 09:00:00
个人|做有道云日记|2020年3月26日 星期四 09:30:00|2020年3月26日 星期四 10:00:00
个人|镇中剑桥班家长会|2024年3月29日 星期五 16:00:00|2024年3月29日 星期五 17:00:00
个人|正装|2024年6月26日 星期三 20:00:00|2024年6月26日 星期三 21:00:00
个人|晚上儿子时间安排，周六校找，看德州农工|2024年9月5日 星期四 20:00:00|2024年9月5日 星期四 21:00:00
个人|儿子种地|2024年9月21日 星期六 00:00:00|2024年10月4日 星期五 23:59:59
个人|托福考试|2024年9月18日 星期三 08:00:00|2024年9月18日 星期三 11:00:00
个人|托福考试|2024年10月30日 星期三 08:00:00|2024年10月30日 星期三 11:00:00
个人|EA准备资料GT|2024年10月5日 星期六 00:00:00|2024年10月15日 星期二 23:59:59
个人|下午请假23-27日 30-31日复习托福|2024年9月19日 星期四 15:00:00|2024年9月19日 星期四 16:00:00
个人|划转中信银行3亿资金|2024年9月20日 星期五 09:00:00|2024年9月20日 星期五 10:00:00
个人|ED申请|2024年10月16日 星期三 00:00:00|2024年10月31日 星期四 23:59:59
个人|公司合同管理办法培训，大会议室|2024年9月29日 星期日 10:30:00|2024年9月29日 星期日 11:30:00
个人|晚上请老妈，老姐吃个饭|2024年9月30日 星期一 18:00:00|2024年9月30日 星期一 19:00:00
个人|送儿子短裤、茶叶|2024年9月28日 星期六 14:50:00|2024年9月28日 星期六 15:50:00
个人|部门例会|2024年9月30日 星期一 09:00:00|2024年9月30日 星期一 10:00:00
个人|读书笔记|2025年1月27日 星期一 21:24:00|2025年1月27日 星期一 21:43:00
个人|Cook|2025年1月28日 星期二 07:32:00|2025年1月28日 星期二 07:38:00
个人|Tidy obsidian|2025年1月28日 星期二 08:19:00|2025年1月28日 星期二 09:29:00
个人|Read|2025年1月28日 星期二 09:31:00|2025年1月28日 星期二 10:22:00
个人|Read |2025年1月28日 星期二 13:53:00|2025年1月28日 星期二 15:31:00
个人|Read|2025年1月28日 星期二 17:10:00|2025年1月28日 星期二 17:39:00
个人|Duolingo and momo|2025年1月29日 星期三 08:04:00|2025年1月29日 星期三 08:32:00
个人|Read|2025年1月29日 星期三 14:28:00|2025年1月29日 星期三 15:45:00
个人|陪爸妈看射雕英雄传|2025年1月29日 星期三 16:40:00|2025年1月29日 星期三 21:04:00
个人|锻炼|2025年1月30日 星期四 07:41:00|2025年1月30日 星期四 08:06:00
个人|Duolingo and momo|2025年1月30日 星期四 07:04:00|2025年1月30日 星期四 07:37:00
个人|Read valuation |2025年1月30日 星期四 20:03:00|2025年1月30日 星期四 22:07:00
个人|Duolingo and momo|2025年1月31日 星期五 07:42:00|2025年1月31日 星期五 08:30:00
个人|Practice leg|2025年1月31日 星期五 08:32:00|2025年1月31日 星期五 08:49:00
个人|High school mathematics|2025年1月31日 星期五 09:58:00|2025年1月31日 星期五 11:28:00
个人|Read civilization 15 min and sleep 30mins|2025年1月31日 星期五 12:52:00|2025年1月31日 星期五 14:11:00
个人|Read 基因之河|2025年1月31日 星期五 14:42:00|2025年1月31日 星期五 16:08:00
个人|Read civilization |2025年1月31日 星期五 16:55:00|2025年1月31日 星期五 17:06:00
个人|Read 基因之河|2025年1月31日 星期五 19:16:00|2025年1月31日 星期五 20:00:00
个人|Studied mathematics |2025年1月31日 星期五 21:06:00|2025年1月31日 星期五 22:16:00
个人|Duolingo |2025年2月1日 星期六 07:55:00|2025年2月1日 星期六 08:28:00
个人|Momo|2025年2月1日 星期六 09:42:00|2025年2月1日 星期六 10:08:00
个人|Learn linear algebra‘a base|2025年2月1日 星期六 19:37:00|2025年2月1日 星期六 21:18:00
个人|看哪吒2|2025年2月1日 星期六 13:30:00|2025年2月1日 星期六 16:35:00
个人|Duolingo and momo|2025年2月2日 星期日 08:04:00|2025年2月2日 星期日 08:42:00
个人|Cursor code apple cal|2025年2月2日 星期日 09:45:00|2025年2月2日 星期日 11:10:00
个人|Idiot |2025年2月2日 星期日 11:42:00|2025年2月2日 星期日 12:05:00
个人|High mathematics in bilibili wang teacher |2025年2月2日 星期日 14:05:00|2025年2月2日 星期日 15:34:00
个人|Exercise 4 times leg practices|2025年2月2日 星期日 15:35:00|2025年2月2日 星期日 15:47:00
个人|看不懂组织行为学，准备b站看视频|2025年2月2日 星期日 17:09:00|2025年2月2日 星期日 17:22:00
个人|喜马拉雅听组织行为学|2025年2月2日 星期日 18:35:00|2025年2月2日 星期日 19:17:00
个人|Duolingo |2025年2月3日 星期一 08:13:00|2025年2月3日 星期一 09:02:00
个人|Momo|2025年2月3日 星期一 09:08:00|2025年2月3日 星期一 09:20:00
日历|包裹|2019年12月21日 星期六 18:30:00|2019年12月21日 星期六 19:30:00
日历|商量房租延期|2021年9月12日 星期日 14:00:00|2021年9月12日 星期日 15:00:00
日历|投资部，中信建设宁波投资未来社区项目，想和中信内部做协同投资|2021年11月12日 星期五 08:00:00|2021年11月12日 星期五 09:00:00
日历|询问下开票|2021年2月4日 星期四 19:30:00|2021年2月4日 星期四 20:30:00
日历|下午去港通|2022年6月7日 星期二 13:30:00|2022年6月7日 星期二 14:30:00
日历|50分给儿子电话|2020年1月7日 星期二 06:40:00|2020年1月7日 星期二 07:40:00
日历|去拿海鲜|2021年2月6日 星期六 08:00:00|2021年2月6日 星期六 09:00:00
日历|数学题|2021年3月27日 星期六 11:00:00|2021年3月27日 星期六 12:00:00
日历|取快递|2021年3月5日 星期五 08:45:00|2021年3月5日 星期五 09:45:00
日历|编写公司决议执行情况|2021年10月28日 星期四 09:00:00|2021年10月28日 星期四 10:00:00
日历|回家拿包裹，虾，儿子港澳台通行证|2023年11月9日 星期四 17:55:00|2023年11月9日 星期四 18:55:00
日历|3:15游老师上课|2022年1月8日 星期六 15:00:00|2022年1月8日 星期六 16:00:00
日历|西门小区拿水果，被单回家|2023年12月8日 星期五 16:30:00|2023年12月8日 星期五 17:30:00
日历|包裹|2019年12月19日 星期四 20:00:00|2019年12月19日 星期四 21:00:00
日历|全套审计附表上报|2022年1月12日 星期三 09:00:00|2022年1月12日 星期三 10:00:00
日历|高顿报名|2020年1月10日 星期五 21:00:00|2020年1月10日 星期五 22:00:00
日历|买儿子零食|2022年7月15日 星期五 11:00:00|2022年7月15日 星期五 12:00:00
日历|英语学习|2024年1月13日 星期六 07:00:00|2024年1月13日 星期六 08:00:00
日历|查基金现值，宁波银行借款|2020年4月7日 星期二 13:00:00|2020年4月7日 星期二 14:00:00
日历|睡眠提醒，放下手机，看看书或者瑜伽运动|2021年5月27日 星期四 21:00:00|2021年5月27日 星期四 22:00:00
日历|reits公开询价|2021年5月24日 星期一 09:00:00|2021年5月24日 星期一 10:00:00
日历|打卡|2023年11月30日 星期四 12:00:00|2023年11月30日 星期四 13:00:00
日历|下周安排部门例会|2021年10月8日 星期五 13:00:00|2021年10月8日 星期五 14:00:00
日历|【打开拼多多-多多买菜】快来拆全额返红包|2021年5月16日 星期日 14:00:00|2021年5月16日 星期日 15:00:00
日历|下午请假|2022年6月9日 星期四 13:15:00|2022年6月9日 星期四 14:15:00
日历|问吕翔的事|2022年3月26日 星期六 08:00:00|2022年3月26日 星期六 09:00:00
日历|电话确认中午接不接|2023年10月25日 星期三 08:20:00|2023年10月25日 星期三 09:20:00
日历|CMA学习|2020年4月11日 星期六 09:00:00|2020年4月11日 星期六 09:30:00
日历|拿部分物品回家|2023年12月8日 星期五 16:00:00|2023年12月8日 星期五 17:00:00
日历|学校信息查询|2023年12月2日 星期六 13:30:00|2023年12月2日 星期六 14:30:00
日历|黄元健，吃海鲜。|2020年9月8日 星期二 09:00:00|2020年9月8日 星期二 10:00:00
日历|个人述职|2019年12月26日 星期四 09:00:00|2019年12月26日 星期四 10:00:00
日历|整理物理网课资料|2021年2月4日 星期四 19:30:00|2021年2月4日 星期四 20:30:00
日历|【打开拼多多-多多买菜】快来拆全额返红包|2021年5月18日 星期二 14:00:00|2021年5月18日 星期二 15:00:00
日历|财务公司股东会议10:30-11:30|2021年5月28日 星期五 10:00:00|2021年5月28日 星期五 11:00:00
日历|联系中企华评估，近期可以进场|2020年3月8日 星期日 09:00:00|2020年3月8日 星期日 10:00:00
日历|门口快递|2022年3月22日 星期二 07:35:00|2022年3月22日 星期二 08:15:00
日历|协同整改报告，无整改发邮件|2022年7月7日 星期四 09:00:00|2022年7月7日 星期四 10:00:00
日历|妈妈电话|2020年1月21日 星期二 10:00:00|2020年1月21日 星期二 11:00:00
日历|学习Cma|2020年3月15日 星期日 17:30:00|2020年3月15日 星期日 20:30:00
日历|儿子作业核对|2020年4月11日 星期六 11:00:00|2020年4月11日 星期六 11:30:00
日历|建行徐琪行长约李喆总晚饭|2022年3月22日 星期二 16:00:00|2022年3月22日 星期二 17:00:00
日历|儿子作业安排|2020年3月31日 星期二 16:00:00|2020年3月31日 星期二 16:30:00
日历|考虑发给谢玉下周一私下谈谈|2020年3月20日 星期五 11:00:00|2020年3月20日 星期五 12:00:00
日历|给儿子拿酸奶|2022年7月22日 星期五 17:00:00|2022年7月22日 星期五 18:00:00
日历|9点农行信润|2021年6月23日 星期三 09:00:00|2021年6月23日 星期三 10:00:00
日历|和妈妈聊带哪些东西|2021年10月20日 星期三 09:00:00|2021年10月20日 星期三 10:00:00
日历|780|2024年1月15日 星期一 15:00:00|2024年1月15日 星期一 16:00:00
日历|部门会议|2021年11月12日 星期五 09:00:00|2021年11月12日 星期五 11:00:00
日历|爸妈家|2023年11月26日 星期日 10:10:00|2023年11月26日 星期日 11:10:00
日历|给儿子食堂卡充值，老婆给微信钱|2023年12月5日 星期二 08:30:00|2023年12月5日 星期二 09:30:00
日历|任总，门卫放了一箱咸蟹和宁夏刚运到的苹果烦请取之，顺祝新年快乐🎈🎊🎉|2024年1月31日 星期三 20:10:00|2024年1月31日 星期三 21:10:00
日历|电话妈妈|2020年11月7日 星期六 10:10:00|2020年11月7日 星期六 11:10:00
日历|实心球|2021年3月2日 星期二 14:45:00|2021年3月2日 星期二 15:45:00
日历|【打开拼多多-多多买菜】快来拆全额返红包|2021年5月20日 星期四 14:00:00|2021年5月20日 星期四 15:00:00
日历|去镇中缴纳学费，去西门小区看进度。买鞋柜|2022年6月25日 星期六 15:00:00|2022年6月25日 星期六 16:00:00
日历|个人考核，明天发给杨柳凌|2020年4月2日 星期四 13:00:00|2020年4月2日 星期四 13:30:00
日历|打卡|2022年5月19日 星期四 18:40:00|2022年5月19日 星期四 19:40:00
日历|买眼药水，妈妈家拿菜|2020年11月22日 星期日 08:00:00|2020年11月22日 星期日 09:00:00
日历|中信银行还款|2021年6月30日 星期三 10:00:00|2021年6月30日 星期三 11:00:00
日历|福明家园钥匙|2021年5月2日 星期日 14:00:00|2021年5月2日 星期日 15:00:00
日历|卢传礼租房|2021年6月25日 星期五 10:15:00|2021年6月25日 星期五 11:15:00
日历|下午14:00兴业宁波组织召开党风廉政建设专题会议，公司中层以上干部请准时到805会议室参会。|2021年9月16日 星期四 13:30:00|2021年9月16日 星期四 14:30:00
日历|黑车13586855234|2021年1月29日 星期五 17:00:00|2021年1月29日 星期五 18:00:00
日历|培养儿子毅力，定一天目标。|2020年2月6日 星期四 07:00:00|2020年2月6日 星期四 08:00:00
日历|收益法底稿需要再修改，按17年版本，同时考虑目前市场的公司资料，作为支撑|2020年4月8日 星期三 13:00:00|2020年4月8日 星期三 13:30:00
日历|了解信润近期事项，听小袁|2021年4月27日 星期二 13:30:00|2021年4月27日 星期二 14:30:00
日历|写祝福字给黄元健|2022年1月28日 星期五 09:00:00|2022年1月28日 星期五 10:00:00
日历|和儿子谈手机和时间问题|2021年10月25日 星期一 20:00:00|2021年10月25日 星期一 21:00:00
日历|社会课，用王春霞qq上课|2021年12月18日 星期六 07:00:00|2021年12月18日 星期六 08:00:00
日历|儿子陌陌|2021年6月24日 星期四 21:00:00|2021年6月24日 星期四 22:00:00
日历|十四五规划修改|2021年6月4日 星期五 09:00:00|2021年6月4日 星期五 10:00:00
日历|看望胡君波|2021年5月6日 星期四 09:00:00|2021年5月6日 星期四 10:00:00
日历|接儿子带毛巾|2021年4月12日 星期一 20:00:00|2021年4月12日 星期一 21:00:00
日历|年度决算报表上报|2022年1月4日 星期二 09:00:00|2022年1月4日 星期二 10:00:00
日历|儿子期末考试|2022年1月21日 星期五 09:00:00|2022年1月21日 星期五 10:00:00
日历|薪酬对标表发俞总|2021年8月6日 星期五 14:00:00|2021年8月6日 星期五 15:00:00
日历|中午买巧克力|2023年12月8日 星期五 11:30:00|2023年12月8日 星期五 12:30:00
日历|菁英课前见面会|2019年6月29日 星期六 19:30:00|2019年6月29日 星期六 19:50:00
日历|儿子脚趾发炎，买药|2020年11月18日 星期三 19:30:00|2020年11月18日 星期三 20:30:00
日历|看书|2023年11月26日 星期日 09:15:00|2023年11月26日 星期日 10:15:00
日历|醋|2022年3月19日 星期六 09:50:00|2022年3月19日 星期六 10:50:00
日历|修改后的4项制度上报|2021年4月29日 星期四 09:00:00|2021年4月29日 星期四 10:00:00
日历|同城|2020年7月28日 星期二 13:30:00|2020年7月28日 星期二 14:30:00
日历|儿子社会课|2021年10月10日 星期日 22:10:00|2021年10月10日 星期日 23:10:00
日历|联系高老师|2021年1月21日 星期四 11:00:00|2021年1月21日 星期四 12:00:00
日历|下午1:30共建，港通|2022年6月24日 星期五 13:30:00|2022年6月24日 星期五 14:30:00
日历|带物品去福明家园|2022年6月26日 星期日 07:00:00|2022年6月26日 星期日 08:00:00
日历|和孔庆军讨论股东委贷|2021年10月26日 星期二 08:00:00|2021年10月26日 星期二 09:00:00
日历|唐颐，港口公司工商情况。反馈给安力|2021年12月14日 星期二 14:30:00|2021年12月14日 星期二 15:30:00
日历|网课|2021年12月22日 星期三 19:30:00|2021年12月22日 星期三 21:30:00
日历|拿维c|2023年12月30日 星期六 08:00:00|2023年12月30日 星期六 09:00:00
日历|俞总反馈2022年预算编制说明|2021年10月26日 星期二 09:00:00|2021年10月26日 星期二 10:00:00
日历|和儿子讨论学习新状元直角坐标|2020年4月5日 星期日 08:00:00|2020年4月5日 星期日 08:30:00
日历|大米和包子|2020年3月4日 星期三 09:00:00|2020年3月4日 星期三 10:00:00
日历|刘总1200退回|2022年5月5日 星期四 08:40:00|2022年5月5日 星期四 09:40:00
日历|吴根渊，吕志军任务清单|2021年7月20日 星期二 09:00:00|2021年7月20日 星期二 10:00:00
日历|张宁吉，中国银行卡账户|2021年7月30日 星期五 08:30:00|2021年7月30日 星期五 09:30:00
日历|中信财务公开课，扫邮件二维码|2022年7月15日 星期五 19:30:00|2022年7月15日 星期五 20:30:00
日历|剃头|2019年12月9日 星期一 19:00:00|2019年12月9日 星期一 20:00:00
日历|运动10分钟|2020年2月6日 星期四 13:55:00|2020年2月6日 星期四 14:55:00
日历|提款还花呗和中信信用卡，宁波银行|2019年12月19日 星期四 09:00:00|2019年12月19日 星期四 10:00:00
日历|口罩不要喷酒精|2020年2月7日 星期五 10:30:00|2020年2月7日 星期五 11:30:00
日历|cma学习|2020年4月11日 星期六 11:30:00|2020年4月11日 星期六 12:00:00
日历|晚上问下还有一箱海鲜如何处理|2021年2月4日 星期四 20:00:00|2021年2月4日 星期四 21:00:00
日历|统考报名|2024年1月12日 星期五 19:00:00|2024年1月12日 星期五 20:00:00
日历|赫德面试|2022年5月14日 星期六 13:00:00|2022年5月14日 星期六 14:00:00
日历|2点面试会议|2021年11月3日 星期三 14:00:00|2021年11月3日 星期三 15:00:00
日历|处理交通罚单|2020年1月10日 星期五 18:00:00|2020年1月10日 星期五 19:00:00
日历|新建日程|2021年8月12日 星期四 00:00:00|2021年8月18日 星期三 23:59:59
日历|评估备案一起做，附件少了，没有备案表和管理层声明书。明天和林园再对接下|2023年11月3日 星期五 08:25:00|2023年11月3日 星期五 09:25:00
日历|存蛟川学费|2021年2月17日 星期三 09:00:00|2021年2月17日 星期三 10:00:00
日历|VPN|2020年2月7日 星期五 18:00:00|2020年2月7日 星期五 19:00:00
日历|今天去买个小礼物|2021年3月8日 星期一 17:00:00|2021年3月8日 星期一 18:00:00
日历|上午肠镜|2022年1月4日 星期二 06:00:00|2022年1月4日 星期二 07:00:00
日历|中午杨庚总女儿杨雯雯结婚|2021年5月23日 星期日 09:00:00|2021年5月23日 星期日 10:00:00
日历|将钥匙给妈妈|2021年2月6日 星期六 09:00:00|2021年2月6日 星期六 10:00:00
日历|【福港饭店】尊敬的贵宾：您好！ 日期：2022/07/06 17:30 包厢：501包厢 地址：宁波市北仑区岷山路385号 导航：https://surl.amap.com/1bBj31sF7GY 预定电话：55832777  55839777 温馨提示：低碳出行、饮酒不开车！本店谢绝自带啤酒饮料、谢谢配合。 恭候您的光临、祝您用餐愉快|2022年7月6日 星期三 16:00:00|2022年7月6日 星期三 17:00:00
日历|剃头|2023年11月27日 星期一 19:50:00|2023年11月27日 星期一 20:50:00
日历|提款还花呗和中信信用卡，宁波银行|2019年12月19日 星期四 09:00:00|2019年12月19日 星期四 10:00:00
日历|部门会议（视频方式）|2022年3月18日 星期五 09:00:00|2022年3月18日 星期五 11:00:00
日历|运动10分钟|2020年2月6日 星期四 13:55:00|2020年2月6日 星期四 14:55:00
日历|下午1点开始，兴业集团汇报。俞总还有其他会议，要尽早|2021年4月22日 星期四 09:00:00|2021年4月22日 星期四 10:00:00
日历|晚上儿子读英语口语|2021年7月30日 星期五 20:00:00|2021年7月30日 星期五 21:00:00
日历|明天见下胡君波|2021年8月27日 星期五 20:00:00|2021年8月27日 星期五 21:00:00
日历|学而思科学报名，测试，取消了|2020年1月30日 星期四 13:00:00|2020年1月30日 星期四 14:00:00
日历|买包子和零食|2021年1月12日 星期二 11:30:00|2021年1月12日 星期二 12:30:00
日历|党委会|2022年3月23日 星期三 09:00:00|2022年3月23日 星期三 10:00:00
日历|科学学习|2022年5月1日 星期日 14:00:00|2022年5月1日 星期日 16:00:00
日历|报名|2020年1月13日 星期一 09:00:00|2020年1月13日 星期一 10:00:00
日历|恒阳收益法再修改|2020年4月11日 星期六 13:30:00|2020年4月11日 星期六 14:30:00
日历|约佟总明天下午见黄嘉伟|2021年2月3日 星期三 13:30:00|2021年2月3日 星期三 14:30:00
日历|理发|2021年2月4日 星期四 18:00:00|2021年2月4日 星期四 19:00:00
日历|早点中饭买点零食|2021年12月31日 星期五 11:00:00|2021年12月31日 星期五 12:00:00
日历|中石化信润会议|2021年12月17日 星期五 16:00:00|2021年12月17日 星期五 17:00:00
日历|中行信用贷还利息500|2024年3月9日 星期六 08:00:00|2024年3月9日 星期六 09:00:00
日历|兴业集团防疫会议|2022年4月7日 星期四 10:00:00|2022年4月7日 星期四 11:00:00
日历|兴业宁波2022年度党建纪检工作会议|2022年5月9日 星期一 09:30:00|2022年5月9日 星期一 10:30:00
日历|买书|2021年7月5日 星期一 18:00:00|2021年7月5日 星期一 19:00:00
日历|儿子期末考试|2022年1月20日 星期四 09:00:00|2022年1月20日 星期四 10:00:00
日历|问下医院退费|2022年7月26日 星期二 09:00:00|2022年7月26日 星期二 10:00:00
日历|儿子数学|2020年4月2日 星期四 11:30:00|2020年4月2日 星期四 12:00:00
日历|给儿子买瑞幸的咖啡和蛋糕|2024年2月8日 星期四 10:45:00|2024年2月8日 星期四 11:45:00
日历|下载直播科学|2022年3月4日 星期五 16:00:00|2022年3月4日 星期五 17:00:00
日历|报孙总资金借用5亿|2024年1月17日 星期三 08:00:00|2024年1月17日 星期三 09:00:00
日历|入党申请书用纸|2023年10月20日 星期五 08:40:00|2023年10月20日 星期五 09:40:00
日历|拿衣服|2022年3月28日 星期一 15:15:00|2022年3月28日 星期一 16:15:00
日历|拿卡明天要买外卖|2024年2月6日 星期二 19:00:00|2024年2月6日 星期二 20:00:00
日历|儿子续订房间|2022年7月18日 星期一 06:30:00|2022年7月18日 星期一 07:30:00
日历|信润董事会|2019年12月16日 星期一 10:00:00|2019年12月16日 星期一 11:00:00
日历|安总这边打算安排个会议主要宣贯下本次集团费控检查发现的问题及注意事项|2022年5月31日 星期二 09:30:00|2022年5月31日 星期二 10:30:00
日历|上传前几天的视频到百度网盘|2021年1月19日 星期二 19:00:00|2021年1月19日 星期二 20:00:00
日历|给老婆电话联系联系|2020年4月2日 星期四 09:00:00|2020年4月2日 星期四 10:00:00
日历|信润做胡君波的授权|2021年4月27日 星期二 13:30:00|2021年4月27日 星期二 14:30:00
日历|公积金提取询问|2021年5月17日 星期一 09:00:00|2021年5月17日 星期一 10:00:00
日历|练单杠|2020年2月4日 星期二 08:00:00|2020年2月4日 星期二 09:00:00
日历|整理儿子的照片|2022年7月12日 星期二 13:30:00|2022年7月12日 星期二 14:30:00
日历|香港sat行程|2023年11月7日 星期二 18:30:00|2023年11月7日 星期二 19:30:00
日历|拿书香丽景的合同|2022年6月25日 星期六 09:45:00|2022年6月25日 星期六 10:45:00
日历|晚上发送给徐方骋。|2021年10月25日 星期一 20:00:00|2021年10月25日 星期一 21:00:00
日历|联系车卖家，确认下午时间地点，儿子下午3点有课|2022年6月25日 星期六 08:15:00|2022年6月25日 星期六 09:15:00
日历|早上拿沙棘|2024年2月1日 星期四 06:15:00|2024年2月1日 星期四 07:15:00
日历|AMC老师了解|2022年7月6日 星期三 09:00:00|2022年7月6日 星期三 10:00:00
日历|9点会议|2021年4月19日 星期一 09:00:00|2021年4月19日 星期一 10:00:00
日历|共建活动，港通|2022年6月23日 星期四 13:30:00|2022年6月23日 星期四 14:30:00
日历|经营情况分析反馈兴业|2021年5月6日 星期四 09:30:00|2021年5月6日 星期四 10:30:00
日历|刘总，（俞总）汇报兴业宁波分红事项|2021年7月20日 星期二 08:30:00|2021年7月20日 星期二 09:30:00
日历|网课|2021年12月9日 星期四 14:00:00|2021年12月9日 星期四 16:00:00
日历|CMA学习|2020年3月31日 星期二 13:30:00|2020年3月31日 星期二 14:30:00
日历|整理微课|2020年2月3日 星期一 13:45:00|2020年2月3日 星期一 14:45:00
日历|询问中山医院可否用宁波医保|2021年9月3日 星期五 09:00:00|2021年9月3日 星期五 10:00:00
日历|岳阳增值没钱，需要顾总还款|2021年8月2日 星期一 08:30:00|2021年8月2日 星期一 09:30:00
日历|晚上钉钉儿子英语人机对话培训|2022年3月18日 星期五 21:00:00|2022年3月18日 星期五 22:00:00
日历|数学王海良作业上报|2021年9月13日 星期一 18:00:00|2021年9月13日 星期一 19:00:00
日历|和老妈说不过去了|2022年2月5日 星期六 16:00:00|2022年2月5日 星期六 17:00:00
日历|儿子写字板|2022年7月6日 星期三 08:30:00|2022年7月6日 星期三 09:30:00
日历|买个1号电池|2022年7月1日 星期五 19:40:00|2022年7月1日 星期五 20:40:00
日历|儿子被单更换|2023年12月10日 星期日 16:00:00|2023年12月10日 星期日 17:00:00
日历|明天医院|2021年6月20日 星期日 12:00:00|2021年6月20日 星期日 13:00:00
日历|镇剑视频|2022年5月1日 星期日 09:00:00|2022年5月1日 星期日 10:00:00
日历|做个核酸|2022年4月8日 星期五 10:00:00|2022年4月8日 星期五 11:00:00
日历|去上湖城签字|2022年6月25日 星期六 10:00:00|2022年6月25日 星期六 11:00:00
日历|板栗🌰|2019年12月21日 星期六 17:30:00|2019年12月21日 星期六 18:30:00
日历|第一医院皮肤科|2021年8月2日 星期一 08:00:00|2021年8月2日 星期一 09:00:00
日历|羽动下|2022年2月12日 星期六 19:00:00|2022年2月12日 星期六 20:00:00
日历|网课|2021年12月8日 星期三 14:00:00|2021年12月8日 星期三 16:00:00
日历|买奶茶杯|2021年1月18日 星期一 11:20:00|2021年1月18日 星期一 12:20:00
日历|沟通德桥评估师|2020年3月31日 星期二 14:30:00|2020年3月31日 星期二 15:00:00
日历|CMA学习第2章|2020年4月9日 星期四 09:00:00|2020年4月9日 星期四 10:00:00
日历|英语绘本|2021年1月15日 星期五 17:00:00|2021年1月15日 星期五 18:00:00
日历|刘总的费用核对|2021年12月20日 星期一 09:00:00|2021年12月20日 星期一 10:00:00
日历|生物打印稿给儿子|2022年3月31日 星期四 19:00:00|2022年3月31日 星期四 20:00:00
日历|中午提醒儿子目标|2020年2月6日 星期四 11:30:00|2020年2月6日 星期四 12:30:00
日历|打羽毛球科探|2024年1月10日 星期三 16:00:00|2024年1月10日 星期三 17:00:00
日历|明天打打10008-1-1|2022年1月28日 星期五 08:30:00|2022年1月28日 星期五 09:30:00
日历|提醒佟总自查|2021年5月6日 星期四 08:30:00|2021年5月6日 星期四 09:30:00
日历|查看是否有钱继续买基金|2021年1月8日 星期五 16:00:00|2021年1月8日 星期五 17:00:00
日历|明天爱彼迎住房|2021年9月3日 星期五 14:00:00|2021年9月3日 星期五 15:00:00
日历|买东西|2022年6月16日 星期四 10:00:00|2022年6月16日 星期四 11:00:00
日历|财务部负责人微信会议|2021年12月16日 星期四 09:00:00|2021年12月16日 星期四 10:00:00
日历|回来拿火车票|2020年12月16日 星期三 15:00:00|2020年12月16日 星期三 16:00:00
日历|期中考试准备4.25 -4.26|2021年4月12日 星期一 21:00:00|2021年4月12日 星期一 21:00:00
日历|考核底稿的编制|2020年4月2日 星期四 10:30:00|2020年4月2日 星期四 11:00:00
日历|CMA第1章学习+复习联系，加油哦|2020年4月5日 星期日 08:30:00|2020年4月5日 星期日 10:30:00
日历|发个短信|2023年12月13日 星期三 16:00:00|2023年12月13日 星期三 17:00:00
日历|买米去|2020年7月21日 星期二 09:00:00|2020年7月21日 星期二 10:00:00
日历|信润可行性——吕志军|2021年11月9日 星期二 09:00:00|2021年11月9日 星期二 10:00:00
日历|上报预算差异报告|2021年8月31日 星期二 11:00:00|2021年8月31日 星期二 12:00:00
日历|了解儿子寒假培训时间|2021年1月26日 星期二 18:30:00|2021年1月26日 星期二 19:30:00
日历|儿子新状元学习|2020年4月5日 星期日 10:30:00|2020年4月5日 星期日 11:30:00
日历|晚上吃饭的准备|2021年4月19日 星期一 13:15:00|2021年4月19日 星期一 13:30:00
日历|学而思线上的系列课，和儿子讨论下，参加报名|2021年5月27日 星期四 21:00:00|2021年5月27日 星期四 22:00:00
日历|明确信润是否进船，与开行对接延期事项|2022年8月12日 星期五 08:00:00|2022年8月12日 星期五 09:00:00
日历|科学报名|2021年8月25日 星期三 16:15:00|2021年8月25日 星期三 17:15:00
日历|取现|2020年12月29日 星期二 17:15:00|2020年12月29日 星期二 18:15:00
日历|修改后的临港请示给房文斌，用于聂总沟通|2021年9月8日 星期三 09:00:00|2021年9月8日 星期三 10:00:00
日历|网课|2021年12月20日 星期一 14:30:00|2021年12月20日 星期一 16:30:00
日历|和农行沟通|2021年8月20日 星期五 14:30:00|2021年8月20日 星期五 15:30:00
日历|宁波集团2024年预算审核，要求保守|2023年11月6日 星期一 10:30:00|2023年11月6日 星期一 11:30:00
日历|海露拿一瓶，蓝色保温杯|2024年1月14日 星期日 17:20:00|2024年1月14日 星期日 18:20:00
日历|联系王律师|2020年2月17日 星期一 09:00:00|2020年2月17日 星期一 10:00:00
日历|赵静，信润融资|2021年3月30日 星期二 15:30:00|2021年3月30日 星期二 16:30:00
日历|港通股东会不参加，告知沃|2020年4月7日 星期二 09:00:00|2020年4月7日 星期二 10:00:00
日历|给儿子带咖啡|2021年7月14日 星期三 16:30:00|2021年7月14日 星期三 17:30:00
日历|灯塔|2021年6月12日 星期六 14:00:00|2021年6月12日 星期六 15:00:00
日历|儿子下午3点半上课|2022年6月25日 星期六 15:30:00|2022年6月25日 星期六 16:30:00
日历|4:45到高家，中山华庭|2021年1月21日 星期四 16:00:00|2021年1月21日 星期四 17:00:00
日历|第二针|2021年5月14日 星期五 08:00:00|2021年5月14日 星期五 09:00:00
日历|和沃和佟总告知下评估问题|2021年2月16日 星期二 14:00:00|2021年2月16日 星期二 15:00:00
日历|打羽毛球科探|2024年1月3日 星期三 16:00:00|2024年1月3日 星期三 17:00:00
日历|告知沃恒阳置换的进程、刘淑英女儿安排|2021年11月26日 星期五 09:00:00|2021年11月26日 星期五 10:00:00
日历|晚上7——8数学考试|2020年3月14日 星期六 18:00:00|2020年3月14日 星期六 19:00:00
日历|CMA第一章|2020年4月5日 星期日 13:00:00|2020年4月5日 星期日 16:00:00
日历|港口信润可研会议|2021年12月1日 星期三 09:00:00|2021年12月1日 星期三 10:00:00
日历|询问安力审计安排|2020年12月28日 星期一 08:30:00|2020年12月28日 星期一 09:30:00
日历|三家公司的投资协议和章程|2020年1月20日 星期一 08:30:00|2020年1月20日 星期一 09:30:00
日历|肉包，葱卷各一份|2024年1月10日 星期三 12:00:00|2024年1月10日 星期三 13:00:00
日历|中午跑步|2023年10月17日 星期二 11:20:00|2023年10月17日 星期二 12:00:00
日历|与建龙蔡军老师视频；与家栋考虑需要提出问题|2021年11月4日 星期四 15:30:00|2021年11月4日 星期四 16:30:00
日历|荧光笔|2022年4月19日 星期二 09:00:00|2022年4月19日 星期二 10:00:00
日历|给爷爷笔和本子|2021年4月23日 星期五 10:00:00|2021年4月23日 星期五 11:00:00
日历|做物理复习题|2021年1月4日 星期一 14:30:00|2021年1月4日 星期一 15:30:00
日历|儿子选课|2022年2月19日 星期六 19:00:00|2022年2月19日 星期六 20:00:00
日历|AMC打印|2022年7月14日 星期四 09:00:00|2022年7月14日 星期四 10:00:00
日历|资金集中度培训，二维码在吴艳邮件里面|2021年12月17日 星期五 10:00:00|2021年12月17日 星期五 11:00:00
日历|银信资产评估的资料审核|2020年4月8日 星期三 14:00:00|2020年4月8日 星期三 14:30:00
日历|10点信晨设计招标会议|2021年11月26日 星期五 10:00:00|2021年11月26日 星期五 11:00:00
日历|会议6:30|2020年4月30日 星期四 18:20:00|2020年4月30日 星期四 19:20:00
日历|带膏方到镇海送货|2024年1月14日 星期日 15:00:00|2024年1月14日 星期日 16:00:00
日历|马俊问下环保|2022年3月30日 星期三 02:00:00|2022年3月30日 星期三 03:00:00
日历|儿子英语课外阅读要上交，晚上补上。洗澡后安排|2021年12月21日 星期二 21:00:00|2021年12月21日 星期二 22:00:00
日历|报销单据给周宋君|2021年9月14日 星期二 09:30:00|2021年9月14日 星期二 10:30:00
日历|运动10分钟|2020年2月6日 星期四 08:50:00|2020年2月6日 星期四 09:50:00
日历|儿子文具箱中找借书卡|2023年10月25日 星期三 18:00:00|2023年10月25日 星期三 19:00:00
日历|早上英语课和李老师课|2020年7月11日 星期六 08:15:00|2020年7月11日 星期六 09:15:00
日历|儿子晚上加餐肉丸|2022年2月18日 星期五 20:00:00|2022年2月18日 星期五 21:00:00
日历|运动10分钟|2020年2月6日 星期四 08:50:00|2020年2月6日 星期四 09:50:00
日历|基金费率比较|2020年1月8日 星期三 09:00:00|2020年1月8日 星期三 10:00:00
日历|翼支付红包取消|2020年1月9日 星期四 10:00:00|2020年1月9日 星期四 11:00:00
日历|【打开拼多多-多多买菜】快来拆全额返红包|2021年5月19日 星期三 14:00:00|2021年5月19日 星期三 15:00:00
日历|和赵老师确认17日上课事宜|2020年1月14日 星期二 09:00:00|2020年1月14日 星期二 10:00:00
日历|业务协同银行信息统计上报|2021年9月1日 星期三 09:00:00|2021年9月1日 星期三 10:00:00
日历|提醒周老师，郁宁审核完吗？|2021年1月29日 星期五 11:00:00|2021年1月29日 星期五 12:00:00
日历|儿子社保缴费|2023年11月9日 星期四 09:00:00|2023年11月9日 星期四 10:00:00
日历|口腔门诊|2023年12月16日 星期六 07:00:00|2023年12月16日 星期六 08:00:00
日历|唐老师的会计核算和资金管理办法|2022年5月13日 星期五 14:00:00|2022年5月13日 星期五 15:00:00
日历|医院|2021年5月4日 星期二 13:00:00|2021年5月4日 星期二 14:00:00
日历|打印英语|2021年8月10日 星期二 11:00:00|2021年8月10日 星期二 12:00:00
日历|换鞋|2022年5月6日 星期五 08:15:00|2022年5月6日 星期五 09:15:00
日历|带上吕志军，送高老师|2024年1月26日 星期五 14:00:00|2024年1月26日 星期五 15:00:00
日历|学而思物理课|2020年3月13日 星期五 18:00:00|2020年3月13日 星期五 19:00:00
日历|9点部门会议|2021年5月31日 星期一 09:00:00|2021年5月31日 星期一 10:00:00
日历|看港通周四资料|2021年4月19日 星期一 13:00:00|2021年4月19日 星期一 14:00:00
日历|确认北京是否去，不去退酒店和机票|2020年11月20日 星期五 15:00:00|2020年11月20日 星期五 16:00:00
日历|批OA|2022年1月19日 星期三 14:15:00|2022年1月19日 星期三 15:15:00
日历|儿子作业安排|2020年3月30日 星期一 16:00:00|2020年3月30日 星期一 16:30:00
日历|教育8楼|2022年3月1日 星期二 14:00:00|2022年3月1日 星期二 15:00:00
日历|六六云链的协同报告（严嘉栋）|2021年9月1日 星期三 09:00:00|2021年9月1日 星期三 10:00:00
日历|拿标签单|2021年5月18日 星期二 09:00:00|2021年5月18日 星期二 10:00:00
日历|照片上传科学营老师|2022年7月8日 星期五 13:20:00|2022年7月8日 星期五 14:20:00
日历|提醒儿子进度，再编写时间安排|2021年9月14日 星期二 09:45:00|2021年9月14日 星期二 10:45:00
日历|下载报销单据|2024年1月11日 星期四 10:55:00|2024年1月11日 星期四 11:55:00
日历|港通董事会|2022年4月28日 星期四 14:00:00|2022年4月28日 星期四 15:00:00
日历|教育8楼|2022年3月8日 星期二 14:00:00|2022年3月8日 星期二 15:00:00
日历|去球场拿饮水杯，带球拍;拿快递|2023年12月29日 星期五 17:00:00|2023年12月29日 星期五 18:00:00
日历|回家看儿子寒假课程|2021年1月29日 星期五 19:00:00|2021年1月29日 星期五 20:00:00
日历|拿包裹|2021年1月19日 星期二 13:30:00|2021年1月19日 星期二 14:30:00
日历|小卖部拿包子|2021年1月14日 星期四 11:15:00|2021年1月14日 星期四 12:15:00
日历|和吴根渊谈信润的合资方案|2021年10月26日 星期二 09:00:00|2021年10月26日 星期二 10:00:00
日历|网课|2021年12月21日 星期二 14:30:00|2021年12月21日 星期二 16:30:00
日历|打印老婆微信资料|2020年1月20日 星期一 09:00:00|2020年1月20日 星期一 10:00:00
日历|儿子英语作业|2022年5月4日 星期三 14:00:00|2022年5月4日 星期三 15:00:00
日历|明确周日是否打球|2022年2月25日 星期五 21:00:00|2022年2月25日 星期五 22:00:00
日历|拍儿子早读视频|2021年3月5日 星期五 06:20:00|2021年3月5日 星期五 07:20:00
日历|中午去买点吃的，取钱|2021年2月9日 星期二 00:00:00|2021年2月9日 星期二 01:00:00
日历|8楼开会|2021年11月1日 星期一 15:30:00|2021年11月1日 星期一 16:30:00
日历|打球|2023年11月18日 星期六 10:00:00|2023年11月18日 星期六 11:00:00
日历|剪头发|2021年5月29日 星期六 19:00:00|2021年5月29日 星期六 20:00:00
日历|安力关于无息股东借款，集团去无锡|2021年9月8日 星期三 10:00:00|2021年9月8日 星期三 11:00:00
日历|个人总结再修改|2021年12月16日 星期四 13:50:00|2021年12月16日 星期四 14:50:00
日历|贷款归还|2023年12月4日 星期一 09:00:00|2023年12月4日 星期一 10:00:00
日历|儿子开始喝参|2021年3月5日 星期五 06:00:00|2021年3月5日 星期五 07:00:00
日历|柯老师会议|2023年11月25日 星期六 20:20:00|2023年11月25日 星期六 21:20:00
日历|Lesson1 课文精讲+一般过去时+Lesson3|2019年7月6日 星期六 09:00:00|2019年7月6日 星期六 11:10:00
日历|个人述职，地方在梅山|2021年1月13日 星期三 09:00:00|2021年1月13日 星期三 10:00:00
日历|科学学习|2022年5月2日 星期一 13:30:00|2022年5月2日 星期一 15:30:00
日历|打针单子|2021年6月23日 星期三 08:30:00|2021年6月23日 星期三 09:30:00
日历|Lesson6 课文精讲+冠词（一）+Writing|2019年7月9日 星期二 09:00:00|2019年7月9日 星期二 11:10:00
日历|胡君波可能6月7日去北仑，周宋君去陪陪|2021年6月4日 星期五 09:00:00|2021年6月4日 星期五 10:00:00
日历|cma学习|2020年4月11日 星期六 14:30:00|2020年4月11日 星期六 15:00:00
日历|Amc10题目，并两天空闲完成|2022年7月4日 星期一 18:00:00|2022年7月4日 星期一 19:00:00
日历|汽油发票|2021年7月20日 星期二 10:00:00|2021年7月20日 星期二 11:00:00
日历|爸爸体检的情况|2021年8月27日 星期五 10:00:00|2021年8月27日 星期五 11:00:00
日历|下载视频|2022年3月25日 星期五 16:40:00|2022年3月25日 星期五 17:40:00
日历|提醒建江vpn申请|2023年12月24日 星期日 09:00:00|2023年12月24日 星期日 10:00:00
日历|新建日程|2021年8月6日 星期五 13:00:00|2021年8月6日 星期五 14:00:00
日历|网银划转|2022年5月5日 星期四 14:00:00|2022年5月5日 星期四 15:00:00
日历|农商行20万利息|2021年1月19日 星期二 21:00:00|2021年1月19日 星期二 22:00:00
日历|约明月，周4晚上|2021年4月19日 星期一 14:15:00|2021年4月19日 星期一 15:15:00
日历|回复王坚强|2022年4月29日 星期五 13:45:00|2022年4月29日 星期五 14:45:00
日历|李毅工资|2019年12月20日 星期五 10:00:00|2019年12月20日 星期五 11:00:00
日历|钥匙|2023年11月29日 星期三 16:30:00|2023年11月29日 星期三 17:30:00
日历|服装票|2024年1月23日 星期二 08:00:00|2024年1月23日 星期二 09:00:00
日历|晚上打球|2023年12月26日 星期二 16:00:00|2023年12月26日 星期二 17:00:00
日历|买车配件，钢丝|2024年1月23日 星期二 11:30:00|2024年1月23日 星期二 12:30:00
日历|12点预约医生|2021年6月7日 星期一 00:00:00|2021年6月7日 星期一 01:00:00
日历|4点打电话给杨旭|2021年1月12日 星期二 16:00:00|2021年1月12日 星期二 17:00:00
日历|核酸|2022年5月7日 星期六 13:00:00|2022年5月7日 星期六 14:00:00
日历|王律师电话会议|2020年4月9日 星期四 14:00:00|2020年4月9日 星期四 14:30:00
日历|丁科电话|2023年11月3日 星期五 18:10:00|2023年11月3日 星期五 19:10:00
日历|运动下|2021年1月14日 星期四 10:30:00|2021年1月14日 星期四 11:30:00
日历|总办会|2022年3月21日 星期一 01:00:00|2022年3月21日 星期一 02:00:00
日历|早上和马俊招呼谢谢，酒量太差|2024年1月23日 星期二 08:00:00|2024年1月23日 星期二 09:00:00
日历|回家看化学课本|2021年2月2日 星期二 19:00:00|2021年2月2日 星期二 20:00:00
日历|考核数据上报，问港口得分情况|2022年1月10日 星期一 16:00:00|2022年1月10日 星期一 17:00:00
日历|防疫会议|2022年4月7日 星期四 15:00:00|2022年4月7日 星期四 16:00:00
日历|联系周怡，预计年末考虑存放1.5亿左右的大额存单作为支持。|2021年12月15日 星期三 09:00:00|2021年12月15日 星期三 10:00:00
日历|信润董事会|2021年4月9日 星期五 08:00:00|2021年4月9日 星期五 09:00:00
日历|支付bmo|2023年11月6日 星期一 16:15:00|2023年11月6日 星期一 17:15:00
日历|用2212323绑定玩客云|2020年1月30日 星期四 21:00:00|2020年1月30日 星期四 22:00:00
日历|财务人员信息|2021年9月26日 星期日 09:00:00|2021年9月26日 星期日 10:00:00
日历|上午肠镜|2022年1月27日 星期四 06:00:00|2022年1月27日 星期四 07:00:00
日历|儿子香港签证|2023年11月24日 星期五 09:00:00|2023年11月24日 星期五 10:00:00
日历|交警罚款免分|2020年2月1日 星期六 13:00:00|2020年2月1日 星期六 14:00:00
日历|拿餐巾纸|2024年1月16日 星期二 20:00:00|2024年1月16日 星期二 21:00:00
日历|睡眠准备，打开小米深度睡眠监测|2024年2月15日 星期四 22:00:00|2024年2月15日 星期四 23:00:00
日历|儿子科学报名|2022年1月21日 星期五 18:00:00|2022年1月21日 星期五 19:00:00
日历|拿电脑工具|2024年1月10日 星期三 20:30:00|2024年1月10日 星期三 21:30:00
日历|给儿子买汉堡6:10|2021年2月1日 星期一 17:15:00|2021年2月1日 星期一 18:15:00
日历|睡眠准备|2021年5月27日 星期四 22:00:00|2021年5月27日 星期四 23:00:00
日历|晚上核对目标完成|2020年2月6日 星期四 20:00:00|2020年2月6日 星期四 21:00:00
日历|赵老师沟通|2021年1月30日 星期六 08:30:00|2021年1月30日 星期六 09:30:00
日历|洗地|2022年5月6日 星期五 19:00:00|2022年5月6日 星期五 20:00:00
日历|Lesson2 课文精讲+一般现在时+现在进行时+Cloze|2019年7月7日 星期日 09:00:00|2019年7月7日 星期日 11:10:00
日历|工作资料调整|2023年11月25日 星期六 21:20:00|2023年11月25日 星期六 22:20:00
日历|3点40儿子有个钉钉直播视频|2021年12月9日 星期四 15:45:00|2021年12月9日 星期四 16:45:00
日历|晚上和儿子谈论科学课续报|2021年11月1日 星期一 20:50:00|2021年11月1日 星期一 21:50:00
日历|Lesson4 课文精讲+现在完成时（一）+Lesson5|2019年7月8日 星期一 09:00:00|2019年7月8日 星期一 11:10:00
日历|李毅带5份|2019年12月27日 星期五 10:00:00|2019年12月27日 星期五 11:00:00
日历|烤蛋挞|2021年12月16日 星期四 14:25:00|2021年12月16日 星期四 15:25:00
日历|再细化儿子寒假作业进度|2021年2月6日 星期六 07:30:00|2021年2月6日 星期六 08:30:00
日历|总结|2019年12月10日 星期二 10:00:00|2019年12月10日 星期二 11:00:00
日历|提款还花呗、农业银行和中信信用卡|2020年8月19日 星期三 09:00:00|2020年8月19日 星期三 10:00:00
日历|英语培训|2021年6月17日 星期四 09:00:00|2021年6月17日 星期四 10:00:00
日历|恒阳收益法测算ok|2020年4月11日 星期六 08:30:00|2020年4月11日 星期六 09:00:00
日历|电源线带回家|2021年3月17日 星期三 08:30:00|2021年3月17日 星期三 09:30:00
日历|和佟总确认去中企华的行程，然后和赵总联系|2020年1月10日 星期五 09:00:00|2020年1月10日 星期五 10:00:00
日历|运动开合跳、跑步|2021年11月3日 星期三 10:50:00|2021年11月3日 星期三 11:50:00
日历|出门，儿子带OK镜|2022年6月26日 星期日 11:00:00|2022年6月26日 星期日 12:00:00
日历|妈妈电话|2024年1月24日 星期三 09:00:00|2024年1月24日 星期三 10:00:00
日历|【圆通速递】快件尾号6188的包裹已送至（前台）详询刘泽昌13276785658查看物流详情m.yto.vip/fQIaUX5n|2024年1月2日 星期二 08:10:00|2024年1月2日 星期二 09:10:00
日历|羽毛球拍拿回来|2022年3月30日 星期三 16:00:00|2022年3月30日 星期三 17:00:00
日历|黄豆芽，花生，金针菇|2019年12月27日 星期五 16:00:00|2019年12月27日 星期五 17:00:00
日历|讨论分两队开展工作，王慧+成春梅+吕志军+朱王成|2022年7月21日 星期四 07:30:00|2022年7月21日 星期四 08:30:00
日历|开源节流上报，刘畅|2021年5月7日 星期五 09:00:00|2021年5月7日 星期五 10:00:00
日历|儿子身份证9月过期|2024年7月21日 星期日 09:00:00|2024年7月21日 星期日 10:00:00
日历|中午跑步|2023年10月18日 星期三 11:20:00|2023年10月18日 星期三 12:00:00
日历|拿银耳|2023年12月9日 星期六 13:00:00|2023年12月9日 星期六 14:00:00
日历|光伏询问|2021年11月4日 星期四 08:00:00|2021年11月4日 星期四 09:00:00
日历|营销费用专项报告|2021年9月13日 星期一 09:00:00|2021年9月13日 星期一 10:00:00
日历|自查碰头|2021年5月6日 星期四 09:00:00|2021年5月6日 星期四 10:00:00
日历|查社保卡时间|2021年11月5日 星期五 10:00:00|2021年11月5日 星期五 11:00:00
日历|确定打球吗？|2021年10月22日 星期五 21:00:00|2021年10月22日 星期五 22:00:00
日历|打印数学作业|2020年2月10日 星期一 06:50:00|2020年2月10日 星期一 07:50:00
日历|给老婆电话联系联系|2021年11月25日 星期四 15:00:00|2021年11月25日 星期四 16:00:00
日历|上午9:30去开行见于红霞处长，谈谈信润项目变更|2021年8月24日 星期二 09:00:00|2021年8月24日 星期二 10:00:00
日历|8楼开会|2022年6月13日 星期一 13:30:00|2022年6月13日 星期一 14:30:00
日历|晚上和审计聚餐|2020年1月3日 星期五 15:00:00|2020年1月3日 星期五 16:00:00
日历|刘总视频会议|2021年6月22日 星期二 14:00:00|2021年6月22日 星期二 15:00:00
日历|2点培训合规要求|2021年12月10日 星期五 14:00:00|2021年12月10日 星期五 15:00:00
日历|Lpr利率调整|2020年3月6日 星期五 19:00:00|2020年3月6日 星期五 20:00:00
日历|预算编制说明文档交兴业财务部|2021年10月25日 星期一 13:00:00|2021年10月25日 星期一 14:00:00
日历|西服洗衣店|2024年1月4日 星期四 16:00:00|2024年1月4日 星期四 17:00:00
日历|拿儿子身份证|2021年8月24日 星期二 19:00:00|2021年8月24日 星期二 20:00:00
日历|reits上市|2021年5月31日 星期一 09:00:00|2021年5月31日 星期一 10:00:00
日历|晚上激活医保码|2021年7月16日 星期五 18:00:00|2021年7月16日 星期五 19:00:00
日历|体育选考提醒确认|2022年3月15日 星期二 05:50:00|2022年3月15日 星期二 06:50:00
日历|陆友董事会|2021年9月24日 星期五 09:15:00|2021年9月24日 星期五 10:15:00
日历|退饭卡钱|2022年6月20日 星期一 08:30:00|2022年6月20日 星期一 09:30:00
日历|联系沃，周一下午城开房文斌|2021年8月12日 星期四 13:30:00|2021年8月12日 星期四 14:30:00
日历|新机场|2021年5月16日 星期日 16:55:00|2021年5月16日 星期日 17:55:00
日历|给儿子买汉堡6:10|2021年2月2日 星期二 17:15:00|2021年2月2日 星期二 18:15:00
日历|期末学而思|2021年12月24日 星期五 11:00:00|2021年12月24日 星期五 12:00:00
日历|电话会议，民主调查|2020年3月26日 星期四 08:40:00|2020年3月26日 星期四 09:40:00
日历|和沃沟通周律师情况|2020年2月5日 星期三 16:30:00|2020年2月5日 星期三 17:30:00
日历|关注一下儿子的科学实验材料的。|2021年11月1日 星期一 21:00:00|2021年11月1日 星期一 22:00:00
日历|开发票|2021年7月2日 星期五 18:00:00|2021年7月2日 星期五 19:00:00
日历|还款|2021年1月1日 星期五 13:40:00|2021年1月1日 星期五 14:40:00
日历|8楼开会|2021年4月23日 星期五 09:00:00|2021年4月23日 星期五 10:00:00
日历|和儿子确认下数学的完成情况，存在的困难|2020年4月9日 星期四 12:30:00|2020年4月9日 星期四 12:30:00
日历|做核酸|2022年3月16日 星期三 13:30:00|2022年3月16日 星期三 14:30:00
日历|拿箱子|2022年4月25日 星期一 16:00:00|2022年4月25日 星期一 17:00:00
日历|晚上买点感冒药|2021年1月13日 星期三 18:00:00|2021年1月13日 星期三 19:00:00
日历|儿子学费|2020年1月3日 星期五 20:00:00|2020年1月3日 星期五 21:00:00
日历|下午信润董事会|2022年5月12日 星期四 15:00:00|2022年5月12日 星期四 16:00:00
日历|9点半会议|2021年11月9日 星期二 09:15:00|2021年11月9日 星期二 10:15:00
日历|天利38套浙江语文|2022年2月20日 星期日 09:00:00|2022年2月20日 星期日 10:00:00
日历|肯特测试|2022年5月15日 星期日 08:30:00|2022年5月15日 星期日 09:30:00
日历|港通董事会，在港通车城召开|2021年4月28日 星期三 09:00:00|2021年4月28日 星期三 10:00:00
日历|北仑分行开业9:45|2021年12月8日 星期三 07:00:00|2021年12月8日 星期三 08:00:00
日历|【打开拼多多-多多买菜】快来拆全额返红包|2021年5月17日 星期一 14:00:00|2021年5月17日 星期一 15:00:00
日历|买杭州回宁波的票|2024年2月4日 星期日 10:30:00|2024年2月4日 星期日 11:30:00
日历|问老姐上学礼|2021年8月20日 星期五 08:30:00|2021年8月20日 星期五 09:30:00
日历|科学营激活|2022年6月27日 星期一 23:00:00|2022年6月28日 星期二 00:00:00
日历|中午点心：1、儿子爱吃的饼 2、包子|2021年2月19日 星期五 11:00:00|2021年2月19日 星期五 12:00:00
日历|中午食堂外卖|2024年1月12日 星期五 12:00:00|2024年1月12日 星期五 13:00:00
日历|叶清海挂号|2021年10月7日 星期四 21:00:00|2021年10月7日 星期四 22:00:00
日历|询问儿子学习情况，确定下午请假|2021年2月1日 星期一 12:15:00|2021年2月1日 星期一 12:25:00
日历|【打开拼多多-多多买菜】快来拆全额返红包|2021年5月21日 星期五 14:00:00|2021年5月21日 星期五 15:00:00
日历|看尤老师上课信息，并告知儿子|2022年5月7日 星期六 06:00:00|2022年5月7日 星期六 07:00:00
日历|做个核酸|2022年4月10日 星期日 08:00:00|2022年4月10日 星期日 09:00:00
日历|问李喆盖章审批|2021年9月13日 星期一 09:30:00|2021年9月13日 星期一 10:30:00
日历|西楼拿包裹|2021年1月28日 星期四 09:00:00|2021年1月28日 星期四 10:00:00
日历|晚上打球|2021年11月3日 星期三 18:00:00|2021年11月3日 星期三 19:00:00
日历|重庆做个备案|2020年1月21日 星期二 08:45:00|2020年1月21日 星期二 09:45:00
日历|出门买眼药水，到妈妈家拿狗肉|2020年4月11日 星期六 09:30:00|2020年4月11日 星期六 11:00:00
日历|拿米油|2021年4月8日 星期四 16:15:00|2021年4月8日 星期四 17:15:00
日历|学习吧|2020年3月31日 星期二 15:00:00|2020年3月31日 星期二 16:30:00
日历|问黄嘉伟|2021年1月19日 星期二 14:00:00|2021年1月19日 星期二 15:00:00
日历|百度网盘会员取消|2020年6月29日 星期一 16:00:00|2020年6月29日 星期一 17:00:00
日历|整理中圣信息|2022年7月20日 星期三 13:30:00|2022年7月20日 星期三 14:30:00
日历|北仑中行吕治行长|2021年11月11日 星期四 15:00:00|2021年11月11日 星期四 16:00:00
日历|选课|2021年11月21日 星期日 10:00:00|2021年11月21日 星期日 11:00:00
日历|给老妈电话，海鲜|2021年2月2日 星期二 10:00:00|2021年2月2日 星期二 11:00:00
日历|打电话给妈妈|2023年12月6日 星期三 09:00:00|2023年12月6日 星期三 10:00:00
日历|移动硬盘报销|2022年5月6日 星期五 09:30:00|2022年5月6日 星期五 10:30:00
日历|镇剑拿资料|2022年5月14日 星期六 10:00:00|2022年5月14日 星期六 10:30:00
日历|10点培训|2021年11月10日 星期三 10:00:00|2021年11月10日 星期三 11:00:00
日历|营销制度联系叶茂城|2021年7月5日 星期一 13:30:00|2021年7月5日 星期一 14:30:00
日历|新状元退费|2021年2月1日 星期一 14:00:00|2021年2月1日 星期一 15:00:00
日历|黑色握力器|2022年1月18日 星期二 08:00:00|2022年1月18日 星期二 09:00:00
日历|腰部营，提醒沃总，王永君|2021年11月20日 星期六 08:00:00|2021年11月20日 星期六 09:00:00
日历|工程审计确认|2020年2月4日 星期二 08:35:00|2020年2月4日 星期二 09:35:00
日历|孙总，讨论中信银行定期|2023年12月14日 星期四 14:00:00|2023年12月14日 星期四 15:00:00
日历|买矿泉水|2021年3月27日 星期六 17:30:00|2021年3月27日 星期六 18:30:00
日历|拜访下万华氯碱的张国强财务总监（带朱王成、马金铃）|2021年11月29日 星期一 08:30:00|2021年11月29日 星期一 09:30:00
日历|浙口鲜鄞州天街店，微信联系开发票422|2024年2月18日 星期日 12:20:00|2024年2月18日 星期日 13:20:00
日历|回复马俊资料|2021年9月21日 星期二 13:30:00|2021年9月21日 星期二 14:30:00
日历|早点回家，电脑送回家|2023年11月3日 星期五 14:00:00|2023年11月3日 星期五 15:00:00
日历|英语培训|2021年6月18日 星期五 09:00:00|2021年6月18日 星期五 10:00:00
日历|恒阳项目股权转让确认，兴业需要确认避免考核降分|2021年7月26日 星期一 09:00:00|2021年7月26日 星期一 10:00:00
日历|医院|2021年6月21日 星期一 06:00:00|2021年6月21日 星期一 07:00:00
日历|下午去港通，口行鲍小军处长过来|2022年6月8日 星期三 00:30:00|2022年6月8日 星期三 01:30:00
日历|下午去东钱湖|2024年3月27日 星期三 11:00:00|2024年3月27日 星期三 12:00:00
日历|openai续费|2024年3月24日 星期日 16:00:00|2024年3月24日 星期日 17:00:00
日历|jyd还贷资金|2024年4月9日 星期二 09:00:00|2024年4月9日 星期二 10:00:00
日历|火车下午15:25分-17:25 G7518|2024年4月22日 星期一 15:25:00|2024年4月22日 星期一 16:25:00
日历|托福考试|2024年7月24日 星期三 09:00:00|2024年7月24日 星期三 10:00:00
日历|sat考试|2024年8月24日 星期六 09:00:00|2024年8月24日 星期六 10:00:00
日历|飞香港|2024年8月23日 星期五 00:00:00|2024年8月24日 星期六 23:59:59
日历|海超文书营|2024年6月22日 星期六 00:00:00|2024年6月25日 星期二 23:59:59
日历|儿子杭州托福上课|2024年6月27日 星期四 00:00:00|2024年6月29日 星期六 23:59:59
日历|【兔喜生活】您的韵达快递包裹已到西门菜场七号门对面，凭6-5-7820来取，有问题联系15060713273|2024年6月5日 星期三 18:40:00|2024年6月5日 星期三 19:40:00
日历|处理车辆罚款|2024年6月8日 星期六 09:00:00|2024年6月8日 星期六 10:00:00
日历|疏通剂|2024年6月6日 星期四 20:00:00|2024年6月6日 星期四 21:00:00
日历|任斌预定的会议|2024年6月6日 星期四 08:50:00|2024年6月6日 星期四 09:50:00
日历|银行贷款利息整理|2024年6月7日 星期五 08:50:00|2024年6月7日 星期五 09:50:00
日历|儿子托福杭州上课|2024年6月15日 星期六 00:00:00|2024年6月20日 星期四 23:59:59
日历|儿子托福考试华茂|2024年6月30日 星期日 09:00:00|2024年6月30日 星期日 10:00:00
日历|残疾人辅助活动|2024年7月1日 星期一 00:00:00|2024年7月3日 星期三 23:59:59
日历|儿子美国范德堡夏校|2024年7月6日 星期六 00:00:00|2024年7月21日 星期日 23:59:59
日历|拆电蚊拍|2024年6月15日 星期六 16:00:00|2024年6月15日 星期六 17:00:00
日历|【邮政快递包裹】请凭8-1-5002到福明家园兔喜32号店领取运单尾号8475包裹，详询15779471054。|2024年6月28日 星期五 19:00:00|2024年6月28日 星期五 20:00:00
日历|拿车|2024年7月2日 星期二 17:00:00|2024年7月2日 星期二 18:00:00
日历|早上车辆年检，带年检资料|2024年7月3日 星期三 16:00:00|2024年7月3日 星期三 17:00:00
日历|3点汇报进度给费和孙总|2024年7月3日 星期三 15:00:00|2024年7月3日 星期三 16:00:00
日历|打印范德堡的标签|2024年7月4日 星期四 16:00:00|2024年7月4日 星期四 17:00:00
日历|任斌预定的会议|2024年7月12日 星期五 13:50:00|2024年7月12日 星期五 14:50:00
日历|【华润兴光燃气】贵户(S-017318)福明家园小区，因抄表员到访不遇，您可在本月18日前在支付宝首页搜索“宁波兴光燃气自助抄表”或在“宁波华润兴光燃气”微信营业厅完成自抄，感谢配合。客服热线967266。|2024年7月15日 星期一 20:00:00|2024年7月15日 星期一 21:00:00
日历|儿子飞机去新疆|2024年7月29日 星期一 15:00:00|2024年7月29日 星期一 16:00:00
日历|儿子飞机回宁波|2024年8月5日 星期一 18:00:00|2024年8月5日 星期一 19:00:00
日历|港澳通行证签证|2024年7月25日 星期四 08:00:00|2024年7月25日 星期四 09:00:00
日历|部门例会下午|2024年7月22日 星期一 13:30:00|2024年7月22日 星期一 15:30:00
日历|审核法律意见书|2024年7月19日 星期五 19:00:00|2024年7月19日 星期五 21:00:00
日历|晚上保诚，万华氯碱吃饭|2024年7月25日 星期四 09:00:00|2024年7月25日 星期四 10:00:00
日历|党纪学习，大会议室|2024年7月26日 星期五 09:30:00|2024年7月26日 星期五 10:30:00
日历|任斌预定的会议|2024年7月26日 星期五 13:25:00|2024年7月26日 星期五 15:25:00
日历|任斌预定的会议|2024年7月26日 星期五 14:30:00|2024年7月26日 星期五 15:00:00
日历|任斌预定的会议|2024年7月28日 星期日 14:15:00|2024年7月28日 星期日 17:10:00
日历|打电话给费菊关于姓陈土地的事情，税务所有意见|2024年7月29日 星期一 16:00:00|2024年7月29日 星期一 17:00:00
日历|还款美元|2024年8月2日 星期五 20:00:00|2024年8月2日 星期五 21:00:00
日历|咪咕视频《羽毛球混双决赛、男单1/4决赛》|2024年8月2日 星期五 20:30:00|2024年8月4日 星期日 01:00:00
日历|参观绍兴，王佃强|2024年8月29日 星期四 12:00:00|2024年8月29日 星期四 13:00:00
日历|Fw:港通项目的法律尽调文件和法律意见书更新|2024年8月10日 星期六 18:30:00|2024年8月10日 星期六 19:30:00
日历|任斌预定的会议|2024年8月16日 星期五 10:30:00|2024年8月16日 星期五 11:30:00
日历|中信银行还款|2024年8月16日 星期五 12:30:00|2024年8月16日 星期五 13:30:00
日历|去长青藤开开小店，要带上东西在车棚|2024年8月24日 星期六 09:00:00|2024年8月24日 星期六 10:00:00
日历|还农行全部贷款630,000|2024年9月16日 星期一 17:00:00|2024年9月16日 星期一 18:00:00
日历|港通的中信集团法律合规部的意见尽快完成初稿|2024年8月27日 星期二 22:00:00|2024年8月27日 星期二 23:00:00
日历|您尾号5572信用卡截至2024年08月28日还需美元136.84还清本期账单，到期还款日2024年09月03日。请还款或检查自动还款账户余额。未全额还款收取利息，未还足最低还款额收取利息及还款违约金并影响征信。可通过中国银行APP、缤纷生活APP等还款。【中国银行】|2024年8月30日 星期五 15:00:00|2024年8月30日 星期五 16:00:00
日历|8:45到农行北仑行庆祝|2024年9月2日 星期一 07:00:00|2024年9月2日 星期一 08:00:00
日历|[温馨提示]您在中国银行中国银行宁波分行的贷款将于09月10日还款CNY10元（如有逾期，不含逾期金额），请确保您的还款账户资金充足（不得使用贷款资金还款）。详情请查询手机银行或拨打95566客服电话。【中国银行】|2024年9月5日 星期四 19:00:00|2024年9月5日 星期四 20:00:00
日历|给老妈1800|2024年9月8日 星期日 10:00:00|2024年9月8日 星期日 11:00:00
日历|评估师沟通，蔡老师沟通，宁波港土地说明|2024年9月11日 星期三 13:00:00|2024年9月11日 星期三 14:00:00
日历|转账农行|2024年9月13日 星期五 09:00:00|2024年9月13日 星期五 10:00:00
日历|09月信用卡账单应还款额美元88.72元，最低还款额美元8.00元，10月04日前还款。 【已经归还】|2024年10月3日 星期四 15:00:00|2024年10月3日 星期四 16:00:00
日历|任斌预定的会议|2024年9月17日 星期二 09:00:00|2024年9月17日 星期二 10:30:00
日历|任斌预定的会议|2024年9月18日 星期三 09:30:00|2024年9月18日 星期三 11:00:00
日历|任斌预定的会议|2024年9月25日 星期三 15:00:00|2024年9月25日 星期三 17:00:00
日历|拿茶叶|2024年9月28日 星期六 10:00:00|2024年9月28日 星期六 11:00:00
日历|儿子500|2024年10月1日 星期二 10:00:00|2024年10月1日 星期二 11:00:00
日历|去孙总那儿汇报审计的难点|2024年9月29日 星期日 13:30:00|2024年9月29日 星期日 14:30:00
日历|经营贷，中国银行，宁波银行取款，做证明存款|2024年10月9日 星期三 08:30:00|2024年10月9日 星期三 09:30:00
日历|托福考试|2024年10月19日 星期六 08:00:00|2024年10月19日 星期六 11:00:00
日历|岷山路上福港海鲜，杨，杨、范等。晚餐，沃东坡发起，认识下国税领导|2024年10月17日 星期四 16:30:00|2024年10月17日 星期四 17:30:00
日历|归还贷款|2024年10月12日 星期六 09:00:00|2024年10月12日 星期六 10:00:00
日历|建行北仑业务行长来访|2024年10月11日 星期五 08:45:00|2024年10月11日 星期五 09:45:00
日历|中行银行卡更换？是否等18岁直接调整卡|2024年10月19日 星期六 09:00:00|2024年10月19日 星期六 10:00:00
日历|与柯雷一起参加的小朋友申请所有学校的申请策略|2024年10月14日 星期一 11:00:00|2024年10月14日 星期一 12:00:00
日历|下午请宁波港在大酒店吃饭，打牌|2024年10月26日 星期六 15:00:00|2024年10月26日 星期六 16:00:00
日历|晚上请万花郑总北仑吃饭|2024年10月21日 星期一 17:00:00|2024年10月21日 星期一 18:00:00
日历|部门例会|2024年10月25日 星期五 09:00:00|2024年10月25日 星期五 10:00:00
日历|任斌预定的会议|2024年10月18日 星期五 09:00:00|2024年10月18日 星期五 10:00:00
日历|打印托福准考证|2024年10月25日 星期五 09:00:00|2024年10月25日 星期五 10:00:00
日历|德州欧斯汀|2024年12月1日 星期日 18:00:00|2024年12月1日 星期日 19:00:00
日历|香港早升|2024年11月20日 星期三 18:00:00|2024年11月20日 星期三 19:00:00
日历|西雅图大学截至|2024年11月15日 星期五 18:00:00|2024年11月15日 星期五 19:00:00
日历|Uc截止日期|2024年11月30日 星期六 18:00:00|2024年11月30日 星期六 19:00:00
日历|【中国农业银行】尊敬的客户，您尾号9271的农行账户开通的消息服务在11月10日扣缴服务费时账户余额不足,请及时缴费。|2024年11月11日 星期一 15:30:00|2024年11月11日 星期一 16:30:00
日历|冰箱蛋糕|2024年11月13日 星期三 06:05:00|2024年11月13日 星期三 07:05:00
日历|自行车把手|2024年11月15日 星期五 09:00:00|2024年11月15日 星期五 10:00:00
日历|提款还花呗、中信信用卡|2024年11月19日 星期二 09:00:00|2024年11月19日 星期二 10:00:00
日历|肠胃镜检查|2024年12月5日 星期四 07:00:00|2024年12月5日 星期四 08:00:00
日历|林昌浩宁波|2024年12月18日 星期三 09:00:00|2024年12月18日 星期三 10:00:00
日历|任斌预定的会议|2024年12月6日 星期五 10:00:00|2024年12月6日 星期五 11:00:00
日历|任斌预定的会议|2024年12月20日 星期五 09:30:00|2024年12月20日 星期五 10:30:00
日历|任斌预定的会议|2024年12月20日 星期五 15:00:00|2024年12月20日 星期五 15:30:00
日历|开学|2025年2月13日 星期四 08:00:00|2025年2月13日 星期四 09:00:00
日历|跑步|2025年1月26日 星期日 16:41:00|2025年1月26日 星期日 17:11:00
日历|吃饭|2025年1月26日 星期日 19:04:00|2025年1月26日 星期日 19:34:00
日历|看书|2025年1月26日 星期日 20:37:00|2025年1月26日 星期日 21:07:00
日历|⭕️Working|2025年1月26日 星期日 21:34:00|2025年1月26日 星期日 22:04:00
日历|Pore time|2025年1月27日 星期一 21:44:04|2025年1月27日 星期一 21:44:04
日历|Pore Time|2025年1月28日 星期二 07:38:33|2025年1月28日 星期二 08:19:00
日历|Pore Time|2025年1月28日 星期二 09:30:43|2025年1月28日 星期二 09:31:00
日历|Pore Time|2025年1月28日 星期二 10:23:02|2025年1月28日 星期二 13:53:00
日历|Pore Time|2025年1月28日 星期二 15:31:45|2025年1月28日 星期二 17:10:00
日历|Pore Time|2025年1月29日 星期三 08:33:44|2025年1月29日 星期三 14:28:00
日历|Pore Time|2025年1月29日 星期三 15:45:58|2025年1月29日 星期三 16:40:00
日历|和儿子一起拆功放机|2025年1月29日 星期三 21:05:00|2025年1月29日 星期三 22:35:00
日历|Pore Time|2025年1月30日 星期四 07:38:29|2025年1月30日 星期四 07:40:00
日历|Pore Time|2025年1月30日 星期四 08:06:48|2025年1月30日 星期四 20:03:00
日历|Pore time|2025年1月30日 星期四 22:08:25|2025年1月30日 星期四 22:08:25
日历|Pore Time|2025年1月31日 星期五 08:49:50|2025年1月31日 星期五 09:58:00
日历|Pore Time|2025年1月31日 星期五 11:30:20|2025年1月31日 星期五 12:52:00
日历|Pore Time|2025年1月31日 星期五 14:12:24|2025年1月31日 星期五 14:42:00
日历|Pore Time|2025年1月31日 星期五 16:09:00|2025年1月31日 星期五 16:55:00
日历|Pore Time|2025年1月31日 星期五 17:07:10|2025年1月31日 星期五 19:16:00
日历|Pore Time|2025年1月31日 星期五 20:01:16|2025年1月31日 星期五 21:06:00
日历|Pore Time|2025年2月1日 星期六 08:29:49|2025年2月1日 星期六 09:42:00
日历|Pore Time|2025年2月1日 星期六 10:08:41|2025年2月1日 星期六 19:37:00
日历|Pore time|2025年2月1日 星期六 21:19:52|2025年2月1日 星期六 21:19:52
日历|休息|2025年2月1日 星期六 17:00:00|2025年2月1日 星期六 19:00:00
日历|Pore Time|2025年2月2日 星期日 08:42:41|2025年2月2日 星期日 09:42:00
日历|Pore Time|2025年2月2日 星期日 12:05:32|2025年2月2日 星期日 14:05:00
日历|Pore Time|2025年2月2日 星期日 15:48:21|2025年2月2日 星期日 17:09:00
日历|Pore Time|2025年2月2日 星期日 17:22:59|2025年2月2日 星期日 18:35:00
日历|Pore time|2025年2月2日 星期日 19:18:44|2025年2月2日 星期日 19:18:44
日历|Pore Time|2025年2月3日 星期一 09:02:39|2025年2月3日 星期一 09:08:00
日历|Pore time|2025年2月3日 星期一 09:20:48|2025年2月3日 星期一 09:20:48

